{
  "best_before": {
    "best_f1_iou_0.3": {
      "conf_thr": 0.4,
      "iou_match_thr": 0.3,
      "tp": 4910,
      "fp": 1005,
      "fn": 1585,
      "precision": 0.8300929839391378,
      "recall": 0.7559661277906081,
      "f1": 0.7912973408541498,
      "mean_iou_of_tps": 0.8665038683324627,
      "avg_preds_per_img": 118.3,
      "avg_gts_per_img": 129.9
    },
    "best_f1_iou_0.5": {
      "conf_thr": 0.4,
      "iou_match_thr": 0.5,
      "tp": 4748,
      "fp": 1167,
      "fn": 1747,
      "precision": 0.802704987320372,
      "recall": 0.7310238645111624,
      "f1": 0.7651893634165996,
      "mean_iou_of_tps": 0.882814790510589,
      "avg_preds_per_img": 118.3,
      "avg_gts_per_img": 129.9
    }
  },
  "best_after": {
    "best_f1_iou_0.3": {
      "conf_thr": 0.9,
      "iou_match_thr": 0.3,
      "tp": 3481,
      "fp": 2260,
      "fn": 3014,
      "precision": 0.6063403588225048,
      "recall": 0.5359507313317937,
      "f1": 0.5689767898005885,
      "mean_iou_of_tps": 0.9465165183620184,
      "avg_preds_per_img": 114.82,
      "avg_gts_per_img": 129.9
    },
    "best_f1_iou_0.5": {
      "conf_thr": 0.9,
      "iou_match_thr": 0.5,
      "tp": 3481,
      "fp": 2260,
      "fn": 3014,
      "precision": 0.6063403588225048,
      "recall": 0.5359507313317937,
      "f1": 0.5689767898005885,
      "mean_iou_of_tps": 0.9465165183620184,
      "avg_preds_per_img": 114.82,
      "avg_gts_per_img": 129.9
    }
  }
}