{
  "validation": {
    "mAP50": 0.993675924973806,
    "mAP50_95": 0.881710701196322,
    "precision": 0.9915620875032476,
    "recall": 0.9846340477153255
  },
  "test": {
    "mAP50": 0.9931331495420159,
    "mAP50_95": 0.884737714417752,
    "precision": 0.9946025434463677,
    "recall": 0.9846035411855273
  },
  "train": {
    "mAP50": 0.9934850932753414,
    "mAP50_95": 0.8902993531009313,
    "precision": 0.994344582283595,
    "recall": 0.9839495084477953
  }
}